{"cameraMode":{"drawMode":0,"name":"Shaded","section":"Shading Mode"},"sceneLighting":true,"audioPlay":false,"sceneViewState":{"showFog":true,"showMaterialUpdate":false,"showSkybox":true,"showFlares":true,"showImageEffects":true,"showParticleSystems":true},"in2DMode":false,"pivot":{"x":-6.887667655944824,"y":-3.7388734817504885,"z":-7.763729095458984},"rotation":{"x":-0.061543628573417667,"y":0.9169254899024963,"z":-0.15580154955387116,"w":-0.3621964454650879},"size":25.678312301635743,"orthographic":false}